epoch,time,train/box_loss,train/seg_loss,train/cls_loss,train/dfl_loss,train/sem_loss,metrics/precision(B),metrics/recall(B),metrics/mAP50(B),metrics/mAP50-95(B),metrics/precision(M),metrics/recall(M),metrics/mAP50(M),metrics/mAP50-95(M),val/box_loss,val/seg_loss,val/cls_loss,val/dfl_loss,val/sem_loss,lr/pg0,lr/pg1,lr/pg2
1,5.59724,1.7049,3.70887,6.96016,1.76593,0,0.04656,0.06429,0.03271,0.02674,0.03044,0.02857,0.0165,0.00674,1.31213,2.23152,inf,1.43738,0,9.999e-05,9.999e-05,9.999e-05
2,9.86021,1.12738,2.2375,2.94138,1.29513,0,0.40381,0.60063,0.35719,0.21912,0.35416,0.46941,0.24745,0.0672,1.04299,1.97587,6.5143,1.26327,0,0.00020838,0.00020838,0.00020838
3,14.5374,0.907,1.64713,2.00882,1.13953,0,0.35614,0.45884,0.41617,0.26351,0.46198,0.34876,0.32769,0.11655,1.29013,1.94614,4.3216,1.42928,0,0.00031605,0.00031605,0.00031605
4,18.6659,0.83177,1.51991,1.75499,1.07093,0,0.31956,0.669,0.48125,0.29653,0.24224,0.41429,0.2735,0.10225,1.36552,2.07215,3.51086,1.48885,0,0.000423,0.000423,0.000423
5,22.5529,0.86144,1.46747,1.62565,1.07,0,0.71599,0.38056,0.52821,0.34863,0.61549,0.27503,0.32971,0.1303,1.25325,2.1135,2.58324,1.34381,0,0.000529231,0.000529231,0.000529231
6,26.2796,0.8295,1.4565,1.40968,1.05368,0,0.50765,0.67143,0.54113,0.28117,0.33027,0.40714,0.2543,0.09508,1.49237,1.94678,2.39404,1.53278,0,0.000634741,0.000634741,0.000634741
7,29.9055,0.82519,1.39279,1.18891,1.07271,0,0.63669,0.44668,0.4843,0.29227,0.43386,0.28549,0.26825,0.11298,1.38103,2.14292,2.84256,1.46693,0,0.000739531,0.000739531,0.000739531
8,33.5325,0.80784,1.36252,1.15876,1.03363,0,0.57606,0.54755,0.54796,0.29946,0.42459,0.32337,0.33455,0.09717,1.44249,2.42935,1.8337,1.54705,0,0.000843602,0.000843602,0.000843602
9,37.1815,0.81981,1.31457,1.13629,1.05403,0,0.6359,0.48143,0.54983,0.3673,0.28012,0.35714,0.25421,0.08856,1.29497,2.62276,1.75295,1.39358,0,0.000885002,0.000885002,0.000885002
10,40.7897,0.79195,1.27408,1.08089,1.04472,0,0.60519,0.45917,0.53949,0.37626,0.42949,0.2423,0.23927,0.06607,1.21036,2.74593,1.69608,1.37361,0,0.000882003,0.000882003,0.000882003
11,44.4178,0.80016,1.20263,1.04471,1.05442,0,0.57579,0.53449,0.53551,0.33918,0.42579,0.39096,0.32145,0.1168,1.28392,2.23776,1.95835,1.42214,0,0.000879003,0.000879003,0.000879003
12,48.0922,0.82861,1.22079,0.96704,1.05145,0,0.65158,0.53401,0.55228,0.34789,0.49985,0.35785,0.3206,0.12752,1.34863,2.19318,2.13941,1.53761,0,0.000876003,0.000876003,0.000876003
13,51.6896,0.79028,1.25299,0.96001,1.03423,0,0.4519,0.61143,0.58188,0.38924,0.58716,0.34326,0.39907,0.13667,1.25095,2.22627,1.5027,1.39066,0,0.000873004,0.000873004,0.000873004
14,55.3969,0.76176,1.15919,0.89275,1.02336,0,0.63693,0.55117,0.63343,0.42682,0.47031,0.42119,0.43947,0.16694,1.17725,2.23044,1.37363,1.29812,0,0.000870004,0.000870004,0.000870004
15,59.0968,0.76022,1.20638,0.87128,1.01445,0,0.49087,0.6,0.52952,0.30105,0.36535,0.40714,0.32781,0.13491,1.36316,2.27424,1.92035,1.43091,0,0.000867004,0.000867004,0.000867004
16,62.751,0.72049,1.07399,0.79588,1.0087,0,0.55638,0.536,0.51296,0.29419,0.47338,0.52215,0.42463,0.16424,1.42736,1.99119,1.98823,1.46597,0,0.000864004,0.000864004,0.000864004
17,66.4849,0.68706,1.00544,0.75126,0.99638,0,0.79039,0.51013,0.62245,0.381,0.6052,0.36429,0.3839,0.16706,1.24218,2.16067,1.87419,1.38777,0,0.000861005,0.000861005,0.000861005
18,69.9156,0.66389,0.91202,0.73829,0.97222,0,0.7537,0.46468,0.55819,0.32736,0.31824,0.41311,0.33867,0.14813,1.38562,2.34417,1.96184,1.53372,0,0.000858005,0.000858005,0.000858005
19,73.4186,0.70608,1.00975,0.75566,1.00664,0,0.69307,0.51999,0.59532,0.35079,0.57165,0.41068,0.39911,0.15993,1.2289,2.14819,1.79518,1.40744,0,0.000855005,0.000855005,0.000855005
20,76.8274,0.70097,0.97937,0.75723,0.99424,0,0.42294,0.57857,0.55208,0.33101,0.35519,0.49164,0.39353,0.16238,1.22923,2.10551,1.841,1.38454,0,0.000852006,0.000852006,0.000852006
21,80.2868,0.67536,0.94959,0.67417,0.97869,0,0.71694,0.62903,0.73327,0.52112,0.53841,0.49286,0.54812,0.23437,1.07974,2.1328,1.46235,1.2614,0,0.000849006,0.000849006,0.000849006
22,83.9115,0.68065,0.97147,0.69962,0.97136,0,0.78532,0.61491,0.76135,0.55068,0.65076,0.53387,0.62311,0.26717,1.12029,2.02112,1.37299,1.29694,0,0.000846006,0.000846006,0.000846006
23,87.4425,0.68063,0.96383,0.66422,0.97876,0,0.56447,0.62352,0.62396,0.46152,0.55605,0.55708,0.52415,0.22369,1.12188,1.94152,1.56065,1.26546,0,0.000843007,0.000843007,0.000843007
24,90.8673,0.6921,1.0023,0.68901,0.98483,0,0.62778,0.5451,0.58423,0.44221,0.62194,0.51677,0.49253,0.20205,1.08615,2.04553,1.63325,1.25428,0,0.000840007,0.000840007,0.000840007
25,94.33,0.68385,0.99911,0.66572,0.98159,0,0.6121,0.63256,0.68781,0.4948,0.64525,0.4772,0.54407,0.20236,1.13256,2.02467,1.47231,1.25855,0,0.000837007,0.000837007,0.000837007
26,97.9195,0.65689,0.94503,0.60808,0.95769,0,0.63854,0.64257,0.69493,0.51188,0.61112,0.57401,0.60028,0.23339,1.03502,1.949,1.30012,1.20504,0,0.000834007,0.000834007,0.000834007
27,101.382,0.67041,0.94535,0.63987,0.988,0,0.78652,0.6716,0.73489,0.51873,0.73701,0.63171,0.61841,0.25371,1.15606,1.99184,1.19056,1.30562,0,0.000831008,0.000831008,0.000831008
28,104.79,0.65909,0.96244,0.60979,0.96295,0,0.77109,0.64475,0.75832,0.55554,0.81749,0.5227,0.62424,0.26445,1.05875,1.99861,1.22325,1.24472,0,0.000828008,0.000828008,0.000828008
29,108.261,0.63061,0.91137,0.56836,0.94124,0,0.78898,0.64286,0.74971,0.58514,0.75826,0.49954,0.59026,0.26889,0.96368,2.15909,1.18043,1.17821,0,0.000825008,0.000825008,0.000825008
30,111.749,0.67091,0.98889,0.62796,0.97701,0,0.67292,0.7219,0.75077,0.57462,0.6169,0.60028,0.60573,0.29036,0.93769,2.16162,1.07793,1.15505,0,0.000822009,0.000822009,0.000822009
31,115.211,0.65929,0.98182,0.59839,0.95972,0,0.69225,0.56735,0.70576,0.51295,0.60675,0.48177,0.53857,0.25033,0.97633,2.20891,1.19022,1.19809,0,0.000819009,0.000819009,0.000819009
32,118.818,0.62898,0.91626,0.5786,0.94691,0,0.82611,0.49405,0.70595,0.50455,0.76,0.43635,0.54252,0.26728,1.02502,2.20585,1.23559,1.23844,0,0.000816009,0.000816009,0.000816009
33,122.485,0.66131,0.93934,0.60479,0.96875,0,0.59488,0.6402,0.70266,0.51641,0.65364,0.4468,0.57912,0.28834,1.06704,2.08726,1.36792,1.28132,0,0.00081301,0.00081301,0.00081301
34,126.103,0.61207,0.85025,0.56428,0.95718,0,0.65594,0.65282,0.68069,0.49913,0.56535,0.53475,0.56234,0.28083,0.99612,2.03509,1.37133,1.21678,0,0.00081001,0.00081001,0.00081001
35,129.76,0.62725,0.95757,0.5837,0.9518,0,0.64582,0.76752,0.67968,0.4881,0.58305,0.63312,0.56059,0.27812,0.98985,2.09706,1.44834,1.19988,0,0.00080701,0.00080701,0.00080701
36,133.435,0.62496,0.91458,0.59458,0.95965,0,0.72136,0.56526,0.6737,0.50681,0.64698,0.45,0.53806,0.28708,0.97843,2.0263,1.36185,1.17297,0,0.00080401,0.00080401,0.00080401
37,136.987,0.62469,0.91438,0.57668,0.94719,0,0.67618,0.62002,0.6824,0.5241,0.68825,0.43069,0.53067,0.27955,0.96534,1.98373,1.12474,1.15014,0,0.000801011,0.000801011,0.000801011
38,140.428,0.65834,0.93148,0.59392,0.96991,0,0.73466,0.61676,0.73022,0.56082,0.76171,0.48495,0.58143,0.29655,0.94718,1.93375,1.02212,1.12707,0,0.000798011,0.000798011,0.000798011
39,143.943,0.60179,0.86757,0.52825,0.95419,0,0.81562,0.65904,0.80012,0.58557,0.78776,0.55615,0.66431,0.33323,0.94775,1.89372,0.96162,1.1464,0,0.000795011,0.000795011,0.000795011
40,147.438,0.62744,0.90941,0.5546,0.95884,0,0.83962,0.71537,0.81535,0.58554,0.76983,0.63738,0.66863,0.32567,1.02907,1.94673,1.04277,1.214,0,0.000792012,0.000792012,0.000792012
41,150.88,0.57866,0.7898,0.51212,0.94636,0,0.85162,0.61543,0.75985,0.54428,0.78785,0.54682,0.61033,0.30499,1.11746,1.95196,1.06775,1.31953,0,0.000789012,0.000789012,0.000789012
42,154.271,0.60114,0.88237,0.55114,0.93726,0,0.73095,0.68994,0.74313,0.52372,0.70685,0.53719,0.58229,0.28329,1.07221,2.0604,1.10102,1.28467,0,0.000786012,0.000786012,0.000786012
43,157.695,0.60887,0.87301,0.54297,0.95388,0,0.74143,0.64794,0.70505,0.51135,0.73435,0.46528,0.55594,0.2757,1.05714,2.0502,1.12305,1.21267,0,0.000783013,0.000783013,0.000783013
44,161.27,0.61129,0.88244,0.52177,0.9381,0,0.73665,0.60714,0.69455,0.50949,0.72288,0.46386,0.56768,0.27826,1.02562,2.00154,1.18292,1.20309,0,0.000780013,0.000780013,0.000780013
45,164.844,0.58232,0.84696,0.49908,0.93783,0,0.54757,0.65453,0.69361,0.5062,0.69799,0.47652,0.57549,0.26686,1.03323,2.13863,1.2078,1.21012,0,0.000777013,0.000777013,0.000777013
46,168.457,0.60849,0.87987,0.51302,0.93502,0,0.77761,0.5071,0.68236,0.50576,0.7183,0.46496,0.5859,0.27876,1.05398,2.06395,1.26015,1.21884,0,0.000774013,0.000774013,0.000774013
47,171.979,0.59671,0.8726,0.50439,0.93955,0,0.53968,0.67442,0.67449,0.52643,0.49236,0.59231,0.56583,0.28638,0.84166,1.90605,1.13068,1.09617,0,0.000771014,0.000771014,0.000771014
48,175.404,0.60412,0.88749,0.51044,0.93538,0,0.53076,0.71739,0.70049,0.54448,0.63564,0.51731,0.62625,0.29877,0.86294,1.92003,1.04207,1.10316,0,0.000768014,0.000768014,0.000768014
49,178.936,0.57574,0.83818,0.47822,0.91481,0,0.6978,0.65659,0.72235,0.56883,0.65582,0.5993,0.64607,0.31576,0.83801,1.87612,1.04289,1.08244,0,0.000765014,0.000765014,0.000765014
50,182.348,0.58827,0.92224,0.51532,0.94169,0,0.75583,0.64905,0.74383,0.57588,0.71929,0.60554,0.6811,0.33663,0.85259,1.81738,1.06267,1.08178,0,0.000762015,0.000762015,0.000762015
51,186.026,0.58919,0.84461,0.48826,0.93624,0,0.77081,0.50243,0.67241,0.52852,0.74236,0.44992,0.58882,0.30063,0.8799,1.88525,1.12212,1.12402,0,0.000759015,0.000759015,0.000759015
52,189.466,0.54967,0.80494,0.46806,0.92999,0,0.71344,0.52956,0.63189,0.47794,0.70715,0.47062,0.55112,0.28488,0.88424,1.88353,1.1638,1.13511,0,0.000756015,0.000756015,0.000756015
53,192.866,0.55791,0.80979,0.46458,0.94596,0,0.72179,0.52195,0.67245,0.49539,0.69814,0.48571,0.56487,0.31193,0.90836,1.88943,1.22515,1.13939,0,0.000753016,0.000753016,0.000753016
54,196.321,0.56634,0.84156,0.45999,0.9295,0,0.77307,0.54079,0.6389,0.49024,0.74799,0.50369,0.54371,0.31306,0.83868,1.95125,1.24782,1.08914,0,0.000750016,0.000750016,0.000750016
55,199.876,0.55738,0.83669,0.45958,0.92716,0,0.70498,0.58587,0.65027,0.49582,0.69755,0.51672,0.54067,0.2946,0.85775,2.06985,1.12996,1.06938,0,0.000747016,0.000747016,0.000747016
56,203.402,0.55749,0.81455,0.46103,0.91501,0,0.6166,0.65857,0.62986,0.48174,0.60392,0.51075,0.52386,0.28906,0.88355,2.0996,1.21955,1.08273,0,0.000744016,0.000744016,0.000744016
57,206.855,0.5605,0.79486,0.4517,0.92772,0,0.65634,0.57857,0.62911,0.49471,0.70546,0.41942,0.51572,0.27722,0.78982,2.19595,1.26063,1.03533,0,0.000741017,0.000741017,0.000741017
58,210.48,0.57942,0.83175,0.47334,0.9151,0,0.56171,0.6655,0.61838,0.48033,0.65753,0.42768,0.49803,0.27018,0.85394,2.2327,1.32815,1.06458,0,0.000738017,0.000738017,0.000738017
59,213.956,0.56301,0.83766,0.46405,0.91651,0,0.54176,0.61325,0.59561,0.45188,0.73926,0.42143,0.50856,0.27723,0.90642,2.00158,1.33131,1.10492,0,0.000735017,0.000735017,0.000735017
60,217.391,0.58346,0.82706,0.46489,0.94658,0,0.70717,0.45952,0.57057,0.44022,0.76445,0.42755,0.51066,0.26818,0.94493,2.01843,1.32244,1.11878,0,0.000732018,0.000732018,0.000732018
61,220.881,0.56704,0.83775,0.48038,0.93338,0,0.71303,0.47257,0.57024,0.43135,0.67547,0.4446,0.5126,0.25898,0.93284,2.04374,1.42523,1.13815,0,0.000729018,0.000729018,0.000729018
62,224.368,0.55424,0.84428,0.46245,0.93197,0,0.63514,0.53728,0.61041,0.45613,0.59667,0.50157,0.53969,0.27267,0.95374,1.9727,1.3864,1.15339,0,0.000726018,0.000726018,0.000726018
63,227.972,0.55762,0.81228,0.45163,0.93264,0,0.64448,0.68582,0.70889,0.54963,0.6128,0.63433,0.65372,0.33883,0.93529,1.7566,1.13525,1.14935,0,0.000723019,0.000723019,0.000723019
64,231.629,0.55957,0.85043,0.46353,0.91865,0,0.65137,0.70599,0.74809,0.58604,0.73404,0.57457,0.68665,0.36205,0.92034,1.74777,1.08631,1.15464,0,0.000720019,0.000720019,0.000720019
65,235.181,0.54371,0.81245,0.44439,0.92111,0,0.73152,0.67125,0.72821,0.56777,0.69404,0.63221,0.66332,0.34025,0.89343,1.9012,1.07899,1.14226,0,0.000717019,0.000717019,0.000717019
66,238.713,0.54293,0.78067,0.44267,0.92448,0,0.77989,0.60321,0.70268,0.54101,0.71733,0.52249,0.61308,0.31564,0.93889,1.9985,1.1512,1.1557,0,0.000714019,0.000714019,0.000714019
67,242.395,0.54365,0.75962,0.42934,0.9285,0,0.76827,0.67692,0.69946,0.54601,0.75166,0.46429,0.55379,0.30107,0.95756,1.98885,1.24966,1.20856,0,0.00071102,0.00071102,0.00071102
68,245.909,0.5448,0.78741,0.43811,0.92237,0,0.73141,0.68737,0.70097,0.54323,0.79024,0.47629,0.58391,0.3054,0.95732,1.99607,1.2661,1.21966,0,0.00070802,0.00070802,0.00070802
69,249.508,0.53861,0.79462,0.42906,0.91443,0,0.71678,0.6575,0.72769,0.55017,0.81078,0.46682,0.62547,0.32829,1.00895,1.99079,1.19366,1.22634,0,0.00070502,0.00070502,0.00070502
70,253.018,0.51589,0.76814,0.41489,0.92478,0,0.71112,0.62282,0.72851,0.55944,0.71479,0.54613,0.63156,0.3352,0.98839,1.96477,1.12516,1.20921,0,0.000702021,0.000702021,0.000702021
71,256.48,0.53952,0.79424,0.44402,0.91976,0,0.74897,0.58545,0.70542,0.5167,0.83752,0.53123,0.63326,0.31044,1.02967,1.89431,1.16854,1.22437,0,0.000699021,0.000699021,0.000699021
72,259.96,0.52729,0.7741,0.41781,0.90587,0,0.85474,0.5451,0.70927,0.52705,0.82792,0.52018,0.6112,0.30942,1.0339,1.89061,1.16742,1.21517,0,0.000696021,0.000696021,0.000696021
73,263.61,0.53458,0.77695,0.43175,0.91172,0,0.79484,0.59929,0.69167,0.51153,0.84356,0.51392,0.58052,0.30658,1.00835,1.92939,1.1778,1.20097,0,0.000693022,0.000693022,0.000693022
74,267.086,0.53498,0.77573,0.44329,0.92697,0,0.76732,0.61128,0.67086,0.49464,0.71964,0.55759,0.55923,0.29869,1.03248,1.98765,1.23055,1.21975,0,0.000690022,0.000690022,0.000690022
75,270.575,0.56043,0.84124,0.44678,0.92849,0,0.64035,0.51971,0.57392,0.43854,0.61961,0.47857,0.50174,0.27254,0.97736,1.88883,1.51944,1.16691,0,0.000687022,0.000687022,0.000687022
76,274.027,0.51612,0.82849,0.42924,0.91443,0,0.59904,0.60318,0.58143,0.4493,0.62517,0.47458,0.50037,0.27634,0.90993,1.83288,1.44032,1.11735,0,0.000684022,0.000684022,0.000684022
77,277.784,0.54148,0.77506,0.44103,0.91875,0,0.82362,0.53608,0.6406,0.48739,0.80368,0.48409,0.55173,0.29791,0.96335,1.72221,1.24367,1.16349,0,0.000681023,0.000681023,0.000681023
78,281.423,0.53037,0.79457,0.43695,0.90987,0,0.82531,0.56312,0.68569,0.52951,0.85308,0.49747,0.59321,0.30518,0.98272,1.7786,1.24935,1.18006,0,0.000678023,0.000678023,0.000678023
79,284.971,0.51244,0.79286,0.43142,0.90228,0,0.81898,0.6442,0.67565,0.53998,0.74595,0.55444,0.59657,0.28838,0.8818,1.94921,1.23137,1.10058,0,0.000675023,0.000675023,0.000675023
80,288.422,0.54423,0.8262,0.47025,0.92293,0,0.81275,0.62274,0.68605,0.55258,0.77328,0.55305,0.61789,0.29971,0.89993,2.01091,1.22282,1.09648,0,0.000672024,0.000672024,0.000672024
81,291.897,0.52872,0.79736,0.41927,0.91692,0,0.76397,0.64532,0.6601,0.53193,0.704,0.56704,0.58458,0.30929,0.96151,1.87894,1.23335,1.12187,0,0.000669024,0.000669024,0.000669024
82,295.413,0.53042,0.7917,0.42351,0.91555,0,0.75024,0.6625,0.65979,0.52896,0.67984,0.5667,0.57314,0.29719,0.95152,1.9473,1.24737,1.1256,0,0.000666024,0.000666024,0.000666024
83,299.03,0.51605,0.76662,0.41086,0.91226,0,0.77119,0.59286,0.68588,0.5437,0.8154,0.49791,0.57782,0.29241,0.94231,2.06161,1.20182,1.13129,0,0.000663025,0.000663025,0.000663025
84,302.698,0.53683,0.781,0.44531,0.91778,0,0.86636,0.57086,0.71261,0.57307,0.80533,0.51576,0.59041,0.29826,0.91136,2.0658,1.15197,1.11305,0,0.000660025,0.000660025,0.000660025
85,306.423,0.5135,0.74322,0.41773,0.90335,0,0.80776,0.69555,0.74359,0.59793,0.83414,0.55587,0.6407,0.29153,0.88456,2.13352,1.10067,1.10424,0,0.000657025,0.000657025,0.000657025
86,310.08,0.52074,0.76429,0.40289,0.90737,0,0.82208,0.67143,0.73695,0.59575,0.77166,0.60714,0.61169,0.27692,0.84591,2.24469,1.06449,1.07463,0,0.000654025,0.000654025,0.000654025
87,313.772,0.5214,0.76221,0.42069,0.89684,0,0.81784,0.6438,0.72034,0.58273,0.73356,0.54286,0.55536,0.28106,0.83787,2.19966,1.0784,1.06746,0,0.000651026,0.000651026,0.000651026
88,317.604,0.51151,0.7524,0.40145,0.91564,0,0.78304,0.67417,0.6991,0.56195,0.70365,0.54855,0.55869,0.28765,0.89455,2.12137,1.12507,1.09401,0,0.000648026,0.000648026,0.000648026
89,321.111,0.51125,0.7537,0.40996,0.90014,0,0.75771,0.62676,0.64976,0.54059,0.70911,0.55573,0.55923,0.29286,0.81314,1.92004,1.14127,1.07515,0,0.000645026,0.000645026,0.000645026
90,324.606,0.50392,0.74632,0.41827,0.91553,0,0.85029,0.53902,0.64261,0.53513,0.80077,0.48902,0.55706,0.29425,0.82346,1.85918,1.14721,1.08445,0,0.000642027,0.000642027,0.000642027
91,328.102,0.50673,0.76412,0.4152,0.90696,0,0.77377,0.62083,0.65405,0.52504,0.78972,0.53707,0.5761,0.30042,0.92814,1.8077,1.21451,1.12839,0,0.000639027,0.000639027,0.000639027
92,331.613,0.51438,0.8052,0.4127,0.91916,0,0.77556,0.57583,0.65665,0.52195,0.82037,0.5082,0.57292,0.30028,0.92418,1.78148,1.18734,1.13522,0,0.000636027,0.000636027,0.000636027
93,335.046,0.49308,0.74667,0.39873,0.90492,0,0.68397,0.64506,0.6717,0.5279,0.82917,0.47077,0.58689,0.31563,0.97932,1.83848,1.17685,1.17158,0,0.000633028,0.000633028,0.000633028
94,338.698,0.50488,0.77643,0.40188,0.90082,0,0.83195,0.55714,0.68821,0.53584,0.77896,0.48926,0.57906,0.32535,0.98874,1.87723,1.18466,1.17592,0,0.000630028,0.000630028,0.000630028
95,342.36,0.52871,0.77569,0.41234,0.90874,0,0.83937,0.55941,0.69857,0.53143,0.78757,0.47888,0.57941,0.32964,0.96708,1.85865,1.25675,1.1674,0,0.000627028,0.000627028,0.000627028
96,345.947,0.49314,0.72265,0.40144,0.8988,0,0.74283,0.54514,0.68895,0.52478,0.70009,0.48571,0.57981,0.32524,0.948,1.86431,1.23332,1.14414,0,0.000624028,0.000624028,0.000624028
97,349.607,0.4989,0.74597,0.38724,0.89349,0,0.61978,0.6309,0.67392,0.53098,0.58914,0.56052,0.5722,0.3274,0.88343,1.86169,1.2286,1.10317,0,0.000621029,0.000621029,0.000621029
98,353.266,0.49588,0.7519,0.38284,0.90721,0,0.65371,0.63164,0.66496,0.52395,0.65437,0.54798,0.57472,0.32977,0.85811,1.80472,1.23244,1.08735,0,0.000618029,0.000618029,0.000618029
99,356.943,0.50507,0.75997,0.40636,0.90768,0,0.61056,0.67856,0.66852,0.52511,0.64357,0.52827,0.57765,0.33513,0.87092,1.69457,1.21452,1.0765,0,0.000615029,0.000615029,0.000615029
100,360.531,0.53305,0.80762,0.42165,0.91848,0,0.73338,0.5648,0.65943,0.5084,0.69309,0.51169,0.57074,0.32394,0.92398,1.69629,1.29631,1.09911,0,0.00061203,0.00061203,0.00061203
101,364.207,0.50312,0.7822,0.39764,0.8963,0,0.68146,0.58056,0.65071,0.50812,0.64412,0.48601,0.55898,0.3134,0.84972,1.65975,1.39734,1.06879,0,0.00060903,0.00060903,0.00060903
102,367.833,0.50985,0.7738,0.41325,0.91205,0,0.80329,0.54169,0.65053,0.50585,0.75757,0.47748,0.55273,0.30754,0.84101,1.69234,1.41734,1.06976,0,0.00060603,0.00060603,0.00060603
103,371.478,0.52036,0.7585,0.3961,0.91949,0,0.79272,0.57857,0.65554,0.51232,0.74429,0.5,0.55809,0.29824,0.89587,1.83569,1.52301,1.10416,0,0.000603031,0.000603031,0.000603031
104,375.122,0.50032,0.74178,0.38765,0.89927,0,0.69121,0.64268,0.68095,0.53408,0.68445,0.51938,0.56266,0.31062,0.85046,1.88859,1.43362,1.09555,0,0.000600031,0.000600031,0.000600031
105,378.835,0.48542,0.71867,0.37932,0.89878,0,0.79291,0.62677,0.73726,0.57905,0.71447,0.51023,0.59483,0.33532,0.88476,1.96763,1.31584,1.10622,0,0.000597031,0.000597031,0.000597031
106,382.459,0.52057,0.78029,0.41628,0.89573,0,0.74526,0.62746,0.75548,0.58164,0.68325,0.53088,0.6186,0.33537,0.90214,1.98758,1.23974,1.11409,0,0.000594031,0.000594031,0.000594031
107,386.134,0.48329,0.75763,0.38819,0.89162,0,0.83302,0.6107,0.73336,0.55688,0.76592,0.51213,0.59099,0.3277,0.88022,1.92065,1.17815,1.10067,0,0.000591032,0.000591032,0.000591032
108,389.797,0.47884,0.72012,0.38309,0.89587,0,0.82925,0.58001,0.70762,0.53846,0.77523,0.50714,0.58867,0.32221,0.88281,1.8586,1.21048,1.10121,0,0.000588032,0.000588032,0.000588032
109,393.439,0.47006,0.72556,0.37597,0.89207,0,0.73398,0.57438,0.65213,0.49664,0.72619,0.4619,0.56567,0.3122,0.92335,1.74462,1.47233,1.11494,0,0.000585032,0.000585032,0.000585032
110,397.075,0.46359,0.71347,0.37284,0.88036,0,0.69621,0.59707,0.65068,0.49691,0.62904,0.51956,0.57402,0.3175,0.92583,1.71592,1.51937,1.10891,0,0.000582033,0.000582033,0.000582033
111,400.763,0.48338,0.73581,0.37754,0.90472,0,0.63331,0.6125,0.6429,0.50718,0.57461,0.54107,0.57048,0.30422,0.89619,1.8668,1.45304,1.10036,0,0.000579033,0.000579033,0.000579033
112,404.477,0.49914,0.77232,0.39566,0.89227,0,0.63204,0.56429,0.6375,0.48968,0.60689,0.51926,0.57053,0.29932,0.92584,1.93932,1.4939,1.11475,0,0.000576033,0.000576033,0.000576033
113,408.38,0.4939,0.72598,0.37975,0.90655,0,0.7587,0.5045,0.62613,0.49394,0.61982,0.5145,0.53904,0.29359,0.91945,2.01192,1.43947,1.11228,0,0.000573034,0.000573034,0.000573034
114,411.941,0.46752,0.74484,0.366,0.89031,0,0.74558,0.54286,0.63678,0.50351,0.69754,0.49286,0.5521,0.29536,0.93036,2.04444,1.41155,1.11092,0,0.000570034,0.000570034,0.000570034
115,415.471,0.47148,0.73635,0.37525,0.89063,0,0.76849,0.51802,0.64121,0.51511,0.71905,0.46818,0.56594,0.30751,0.90772,2.02074,1.37016,1.08889,0,0.000567034,0.000567034,0.000567034
116,418.933,0.47386,0.72544,0.38944,0.90003,0,0.64993,0.62146,0.67124,0.54121,0.60374,0.56457,0.60407,0.32147,0.88147,1.94988,1.2896,1.07822,0,0.000564034,0.000564034,0.000564034
117,422.494,0.48208,0.74578,0.37612,0.88543,0,0.62144,0.61429,0.64201,0.52152,0.71281,0.46165,0.56469,0.3101,0.87285,1.88476,1.31177,1.05204,0,0.000561035,0.000561035,0.000561035
118,425.969,0.4843,0.74411,0.37437,0.90134,0,0.63494,0.60211,0.63788,0.51263,0.72832,0.45616,0.55628,0.30916,0.88198,1.88491,1.3388,1.05546,0,0.000558035,0.000558035,0.000558035
119,429.712,0.49311,0.77034,0.37798,0.90398,0,0.79287,0.48313,0.64939,0.51231,0.77581,0.46187,0.57554,0.3112,0.90836,1.87161,1.37274,1.0929,0,0.000555035,0.000555035,0.000555035
120,433.349,0.47738,0.72616,0.37201,0.88733,0,0.80277,0.49014,0.6584,0.52419,0.77421,0.45976,0.57453,0.31612,0.87717,1.85629,1.34985,1.09228,0,0.000552036,0.000552036,0.000552036
121,436.857,0.46164,0.72199,0.36543,0.88098,0,0.69712,0.55875,0.6707,0.54658,0.86289,0.43604,0.57388,0.3164,0.87909,1.96526,1.35868,1.10116,0,0.000549036,0.000549036,0.000549036
122,440.316,0.47541,0.74223,0.37626,0.89857,0,0.64754,0.63301,0.66164,0.52893,0.87295,0.43624,0.57488,0.31307,0.8833,1.96734,1.35669,1.09538,0,0.000546036,0.000546036,0.000546036
123,443.791,0.48943,0.75346,0.37988,0.90792,0,0.71188,0.58437,0.64868,0.51235,0.83257,0.43571,0.57442,0.3088,0.89813,1.98983,1.31905,1.08149,0,0.000543037,0.000543037,0.000543037
124,447.252,0.47518,0.69794,0.36144,0.88709,0,0.72207,0.57105,0.64499,0.50912,0.81021,0.42857,0.56489,0.29833,0.87875,2.03269,1.29694,1.0687,0,0.000540037,0.000540037,0.000540037
125,450.699,0.48187,0.76617,0.35775,0.89608,0,0.75218,0.60079,0.6497,0.51487,0.78976,0.42143,0.5544,0.29237,0.84768,2.10531,1.29571,1.073,0,0.000537037,0.000537037,0.000537037
126,454.515,0.47779,0.73397,0.36373,0.8971,0,0.75051,0.59805,0.64837,0.51419,0.72504,0.46988,0.54573,0.29214,0.84223,2.12171,1.28422,1.08337,0,0.000534037,0.000534037,0.000534037
127,458.02,0.46805,0.72913,0.3555,0.89096,0,0.71038,0.57143,0.64521,0.50806,0.69064,0.50581,0.56824,0.30036,0.87746,2.07744,1.4005,1.09538,0,0.000531038,0.000531038,0.000531038
128,461.504,0.48984,0.74116,0.36724,0.89292,0,0.65666,0.60985,0.64288,0.50387,0.66565,0.49933,0.57673,0.30273,0.88538,2.08507,1.45539,1.09587,0,0.000528038,0.000528038,0.000528038
129,465.024,0.50888,0.78227,0.38515,0.89945,0,0.66338,0.65,0.65965,0.52527,0.66538,0.52143,0.59147,0.32227,0.8615,2.02082,1.45583,1.06289,0,0.000525038,0.000525038,0.000525038
130,468.677,0.48976,0.78405,0.36311,0.90164,0,0.72329,0.56582,0.65515,0.51658,0.69083,0.50761,0.58997,0.32829,0.88255,2.00254,1.47141,1.06703,0,0.000522039,0.000522039,0.000522039
131,472.332,0.45946,0.72913,0.35547,0.88585,0,0.77517,0.58289,0.66091,0.51995,0.72754,0.50521,0.59162,0.34125,0.84172,1.94024,1.44006,1.05531,0,0.000519039,0.000519039,0.000519039
132,476.034,0.46259,0.71048,0.34965,0.88394,0,0.80942,0.57812,0.66769,0.51937,0.76649,0.52208,0.59055,0.33861,0.85242,1.97249,1.40218,1.06911,0,0.000516039,0.000516039,0.000516039
133,479.792,0.47205,0.73066,0.36265,0.89633,0,0.728,0.63571,0.69825,0.516,0.72612,0.55102,0.61877,0.32667,0.96357,2.13081,1.33642,1.13946,0,0.00051304,0.00051304,0.00051304
134,483.521,0.46454,0.73152,0.35292,0.89693,0,0.7368,0.62231,0.70288,0.52365,0.70181,0.56955,0.61587,0.32197,0.93506,2.21853,1.26569,1.12747,0,0.00051004,0.00051004,0.00051004
135,487.247,0.4571,0.70812,0.35722,0.89491,0,0.86022,0.54539,0.69462,0.5581,0.81388,0.49368,0.60003,0.30703,0.82954,2.28299,1.26362,1.07867,0,0.00050704,0.00050704,0.00050704
136,490.918,0.48664,0.75635,0.35735,0.88789,0,0.8289,0.54274,0.67329,0.53523,0.78067,0.49274,0.57746,0.29758,0.8544,2.30853,1.3424,1.08665,0,0.00050404,0.00050404,0.00050404
137,494.639,0.48569,0.71887,0.36626,0.89305,0,0.81301,0.53171,0.66237,0.52667,0.76832,0.47848,0.56006,0.30702,0.9007,2.19671,1.47449,1.10743,0,0.000501041,0.000501041,0.000501041
138,498.408,0.45396,0.68638,0.35013,0.86971,0,0.82106,0.51803,0.66112,0.54051,0.78417,0.48777,0.57042,0.31873,0.87787,2.07658,1.50039,1.09065,0,0.000498041,0.000498041,0.000498041
139,502.228,0.47663,0.73745,0.35819,0.88755,0,0.87625,0.48358,0.65403,0.53187,0.86982,0.47143,0.58246,0.33144,0.88212,1.954,1.4695,1.08959,0,0.000495041,0.000495041,0.000495041
140,505.734,0.47186,0.76396,0.35407,0.894,0,0.84915,0.48958,0.65134,0.52857,0.83449,0.47672,0.57684,0.32367,0.88991,1.96194,1.40587,1.08876,0,0.000492042,0.000492042,0.000492042
141,509.158,0.45878,0.74542,0.34276,0.88006,0,0.79145,0.53957,0.66503,0.54072,0.7825,0.51107,0.59252,0.32989,0.86952,1.98221,1.24172,1.07673,0,0.000489042,0.000489042,0.000489042
142,512.637,0.47161,0.72135,0.34669,0.88,0,0.77642,0.55343,0.68185,0.55266,0.74648,0.52696,0.59735,0.33134,0.84067,2.00675,1.19932,1.06385,0,0.000486042,0.000486042,0.000486042
143,516.064,0.46172,0.71067,0.34918,0.89927,0,0.72647,0.58857,0.69069,0.55345,0.83649,0.47853,0.60052,0.33288,0.84447,1.99068,1.22361,1.09407,0,0.000483043,0.000483043,0.000483043
144,519.522,0.48173,0.75788,0.354,0.89794,0,0.77402,0.54528,0.68313,0.53709,0.78206,0.48075,0.5904,0.33299,0.88228,1.97336,1.25819,1.10418,0,0.000480043,0.000480043,0.000480043
145,523.169,0.45204,0.7281,0.34817,0.88396,0,0.70269,0.58991,0.69028,0.54771,0.76671,0.47542,0.58257,0.33592,0.83936,1.89985,1.2416,1.07067,0,0.000477043,0.000477043,0.000477043
146,526.689,0.47083,0.7236,0.34924,0.89905,0,0.72285,0.55821,0.65658,0.52726,0.76203,0.46937,0.56248,0.32191,0.81965,1.90386,1.27785,1.06106,0,0.000474043,0.000474043,0.000474043
147,530.308,0.456,0.69617,0.3552,0.88848,0,0.68105,0.59626,0.65579,0.51611,0.71658,0.49111,0.55623,0.30911,0.86029,1.9601,1.29054,1.0796,0,0.000471044,0.000471044,0.000471044
148,533.904,0.46345,0.70338,0.34251,0.88414,0,0.67193,0.59136,0.65205,0.51732,0.72862,0.4904,0.55357,0.31642,0.85015,1.93367,1.25764,1.06824,0,0.000468044,0.000468044,0.000468044
149,537.444,0.47194,0.74926,0.34409,0.89558,0,0.73762,0.60255,0.67165,0.5303,0.73021,0.50633,0.55282,0.32111,0.81034,1.90915,1.18261,1.03512,0,0.000465044,0.000465044,0.000465044
150,541.292,0.44755,0.68291,0.33296,0.88578,0,0.75459,0.61033,0.66794,0.52558,0.7287,0.52554,0.55289,0.3182,0.82804,1.92192,1.17687,1.04065,0,0.000462045,0.000462045,0.000462045
151,545.113,0.46571,0.72892,0.34677,0.88599,0,0.77906,0.62404,0.65283,0.52155,0.72439,0.52314,0.54635,0.30912,0.89303,1.95781,1.19128,1.07866,0,0.000459045,0.000459045,0.000459045
152,548.621,0.44631,0.68631,0.32543,0.88991,0,0.80701,0.61603,0.67001,0.53005,0.75817,0.50975,0.55443,0.31413,0.90085,1.94591,1.21804,1.08597,0,0.000456045,0.000456045,0.000456045
153,552.125,0.43408,0.66493,0.3304,0.87511,0,0.78929,0.574,0.68841,0.5489,0.7368,0.4919,0.56674,0.33341,0.84124,1.94492,1.23712,1.05088,0,0.000453046,0.000453046,0.000453046
154,555.581,0.44774,0.71927,0.34261,0.87308,0,0.77218,0.56757,0.68812,0.55052,0.75192,0.45714,0.57104,0.33616,0.818,1.98911,1.23321,1.03375,0,0.000450046,0.000450046,0.000450046
155,559.074,0.44848,0.69184,0.3417,0.87269,0,0.78856,0.52353,0.6902,0.54856,0.75455,0.4683,0.57939,0.33066,0.82944,1.98769,1.26536,1.03724,0,0.000447046,0.000447046,0.000447046
156,562.719,0.42602,0.65574,0.32512,0.87866,0,0.81135,0.50934,0.69531,0.56108,0.78322,0.47367,0.58627,0.33745,0.81205,1.95832,1.26095,1.04194,0,0.000444046,0.000444046,0.000444046
157,566.427,0.46258,0.74979,0.34849,0.88601,0,0.85983,0.51562,0.71042,0.57123,0.82399,0.47277,0.60711,0.34872,0.7853,1.96835,1.21662,1.04417,0,0.000441047,0.000441047,0.000441047
158,570.119,0.43917,0.69542,0.33434,0.87607,0,0.86749,0.51563,0.7211,0.57876,0.83491,0.47277,0.61148,0.35362,0.79258,2.00306,1.22401,1.05378,0,0.000438047,0.000438047,0.000438047
159,573.825,0.46261,0.69789,0.33973,0.88632,0,0.85132,0.53681,0.71377,0.57291,0.81836,0.49504,0.6099,0.34834,0.81125,2.10546,1.26091,1.06907,0,0.000435047,0.000435047,0.000435047
160,577.468,0.43086,0.67401,0.32629,0.88082,0,0.86293,0.51854,0.71018,0.57216,0.83244,0.4795,0.5989,0.34733,0.8077,2.11354,1.24932,1.07273,0,0.000432048,0.000432048,0.000432048
161,581.177,0.45112,0.72136,0.33071,0.88854,0,0.85099,0.50484,0.6979,0.56278,0.82198,0.47434,0.58001,0.33241,0.78529,2.10324,1.23136,1.07111,0,0.000429048,0.000429048,0.000429048
162,584.845,0.43948,0.73764,0.33328,0.87755,0,0.70916,0.60671,0.69358,0.56429,0.81417,0.48236,0.58378,0.33652,0.79935,2.07033,1.25591,1.07379,0,0.000426048,0.000426048,0.000426048
163,588.547,0.40129,0.64815,0.31507,0.86296,0,0.70102,0.64838,0.6928,0.56338,0.79445,0.47392,0.57305,0.3403,0.79345,2.00702,1.26585,1.062,0,0.000423049,0.000423049,0.000423049
164,592.262,0.43755,0.68821,0.33191,0.88056,0,0.68366,0.68397,0.69388,0.56981,0.7745,0.47562,0.58201,0.34215,0.76399,1.99984,1.21969,1.05058,0,0.000420049,0.000420049,0.000420049
